order_id,erp_source,order_date,customer_id,product_sku,quantity,unit_price_usd,region,fx_rate
1001,SAP,2026-01-04,C-1042,WLD-AC-220V-001,12,148.50,NA,1.000
1002,SAP,2026-01-05,C-1099,WLD-MIG-180A-002,4,612.00,NA,1.000
1003,Infor,2026-01-05,C-2204,CUT-PLA-65A-010,2,1850.00,EU,1.085
1004,Epicor,2026-01-06,C-3001,WLD-TIG-200P-005,1,2450.00,LATAM,0.195
1005,JD-Edwards,2026-01-08,C-4118,FILL-ER70S-6-1KG,200,18.75,APAC,1.000
1006,SAP,2026-01-08,C-1042,WLD-AC-220V-001,6,148.50,NA,1.000
1007,BPCS,2026-01-09,C-5077,GAS-AR-MIX-50L,40,89.00,EU,1.085
1008,SAP,2026-01-12,C-1210,WLD-MIG-180A-002,8,612.00,NA,1.000
1009,Infor,2026-01-12,C-2415,CUT-PLA-105A-020,1,3120.00,EU,1.085
1010,Epicor,2026-01-13,C-3055,WLD-TIG-200P-005,2,2450.00,LATAM,0.195
1011,JD-Edwards,2026-01-14,C-4205,FILL-ER70S-6-1KG,500,18.75,APAC,1.000
1012,SAP,2026-01-15,C-1042,FILL-ER308L-1KG,50,42.00,NA,1.000
1013,SAP,2026-01-16,C-1318,WLD-STK-200I-007,3,985.00,NA,1.000
1014,BPCS,2026-01-16,C-5104,GAS-CO2-50L,25,72.00,EU,1.085
1015,Infor,2026-01-19,C-2204,CUT-PLA-65A-010,1,1850.00,EU,1.085
1016,SAP,2026-01-20,C-1099,WLD-MIG-180A-002,2,612.00,NA,1.000
1017,Epicor,2026-01-21,C-3001,FILL-ER308L-1KG,100,42.00,LATAM,0.195
1018,JD-Edwards,2026-01-22,C-4118,WLD-MIG-180A-002,3,612.00,APAC,1.000
1019,SAP,2026-01-23,C-1210,WLD-AC-220V-001,18,148.50,NA,1.000
1020,BPCS,2026-01-26,C-5077,GAS-AR-MIX-50L,30,89.00,EU,1.085
1021,SAP,2026-02-02,C-1318,WLD-STK-200I-007,2,985.00,NA,1.000
1022,Infor,2026-02-03,C-2415,CUT-PLA-105A-020,2,3120.00,EU,1.085
1023,SAP,2026-02-04,C-1042,FILL-ER70S-6-1KG,150,18.75,NA,1.000
1024,Epicor,2026-02-05,C-3055,WLD-TIG-200P-005,1,2450.00,LATAM,0.195
1025,JD-Edwards,2026-02-09,C-4205,WLD-MIG-180A-002,5,612.00,APAC,1.000
1026,SAP,2026-02-10,C-1099,WLD-AC-220V-001,8,148.50,NA,1.000
1027,BPCS,2026-02-11,C-5104,GAS-CO2-50L,15,72.00,EU,1.085
1028,SAP,2026-02-13,C-1318,FILL-ER308L-1KG,80,42.00,NA,1.000
1029,Infor,2026-02-16,C-2204,CUT-PLA-65A-010,3,1850.00,EU,1.085
1030,Epicor,2026-02-17,C-3001,WLD-TIG-200P-005,2,2450.00,LATAM,0.195
1031,SAP,2026-02-18,C-1210,WLD-MIG-180A-002,4,612.00,NA,1.000
1032,JD-Edwards,2026-02-19,C-4118,FILL-ER70S-6-1KG,300,18.75,APAC,1.000
1033,SAP,2026-02-23,C-1042,WLD-STK-200I-007,1,985.00,NA,1.000
1034,BPCS,2026-02-25,C-5077,GAS-AR-MIX-50L,50,89.00,EU,1.085
1035,Infor,2026-02-26,C-2415,WLD-MIG-180A-002,1,612.00,EU,1.085
1036,SAP,2026-03-02,C-1099,WLD-AC-220V-001,10,148.50,NA,1.000
1037,Epicor,2026-03-03,C-3055,FILL-ER70S-6-1KG,250,18.75,LATAM,0.195
1038,JD-Edwards,2026-03-04,C-4205,WLD-TIG-200P-005,3,2450.00,APAC,1.000
1039,SAP,2026-03-05,C-1318,FILL-ER308L-1KG,60,42.00,NA,1.000
1040,SAP,2026-03-06,C-1042,WLD-MIG-180A-002,5,612.00,NA,1.000
1041,BPCS,2026-03-09,C-5104,GAS-CO2-50L,20,72.00,EU,1.085
1042,Infor,2026-03-10,C-2204,CUT-PLA-105A-020,1,3120.00,EU,1.085
1043,Epicor,2026-03-11,C-3001,WLD-AC-220V-001,4,148.50,LATAM,0.195
1044,SAP,2026-03-12,C-1210,WLD-STK-200I-007,2,985.00,NA,1.000
1045,JD-Edwards,2026-03-13,C-4118,WLD-MIG-180A-002,6,612.00,APAC,1.000
1046,SAP,2026-03-16,C-1099,FILL-ER70S-6-1KG,400,18.75,NA,1.000
1047,BPCS,2026-03-17,C-5077,GAS-AR-MIX-50L,35,89.00,EU,1.085
1048,Infor,2026-03-18,C-2415,CUT-PLA-65A-010,2,1850.00,EU,1.085
1049,SAP,2026-03-19,C-1318,WLD-AC-220V-001,7,148.50,NA,1.000
1050,Epicor,2026-03-23,C-3055,FILL-ER308L-1KG,90,42.00,LATAM,0.195
